Thème;Mot-clé;Page cible;Statut
"Liquide de refroidissement industriel";"liquide de refroidissement industriel";"https://bluedelta.dz/guides/liquide-refroidissement-industriel/";"Candidat éditorial — volume non mesuré"
"Liquide de refroidissement industriel";"liquide de refroidissement industriel Algérie";"https://bluedelta.dz/guides/liquide-refroidissement-industriel/";"Candidat éditorial — volume non mesuré"
"Liquide de refroidissement industriel";"liquide de refroidissement industriel Boumerdès";"https://bluedelta.dz/guides/liquide-refroidissement-industriel/";"Candidat éditorial — volume non mesuré"
"Liquide de refroidissement industriel";"liquide de refroidissement industriel Ouled Moussa";"https://bluedelta.dz/guides/liquide-refroidissement-industriel/";"Candidat éditorial — volume non mesuré"
"Liquide de refroidissement industriel";"fournisseur liquide de refroidissement industriel";"https://bluedelta.dz/guides/liquide-refroidissement-industriel/";"Candidat éditorial — volume non mesuré"
"Liquide de refroidissement industriel";"achat liquide de refroidissement industriel";"https://bluedelta.dz/guides/liquide-refroidissement-industriel/";"Candidat éditorial — volume non mesuré"
"Liquide de refroidissement industriel";"prix liquide de refroidissement industriel";"https://bluedelta.dz/guides/liquide-refroidissement-industriel/";"Candidat éditorial — volume non mesuré"
"Liquide de refroidissement industriel";"devis liquide de refroidissement industriel";"https://bluedelta.dz/guides/liquide-refroidissement-industriel/";"Candidat éditorial — volume non mesuré"
"Liquide de refroidissement industriel";"liquide industriel en bidon";"https://bluedelta.dz/guides/liquide-refroidissement-industriel/";"Candidat éditorial — volume non mesuré"
"Liquide de refroidissement industriel";"liquide industriel en cuve IBC";"https://bluedelta.dz/guides/liquide-refroidissement-industriel/";"Candidat éditorial — volume non mesuré"
"Liquide de refroidissement industriel";"fluide de refroidissement industriel";"https://bluedelta.dz/guides/liquide-refroidissement-industriel/";"Candidat éditorial — volume non mesuré"
"Liquide de refroidissement industriel";"fluide caloporteur industriel";"https://bluedelta.dz/guides/liquide-refroidissement-industriel/";"Candidat éditorial — volume non mesuré"
"Liquide de refroidissement industriel";"choisir liquide de refroidissement industriel";"https://bluedelta.dz/guides/liquide-refroidissement-industriel/";"Candidat éditorial — volume non mesuré"
"Liquide de refroidissement industriel";"liquide de refroidissement circuit fermé";"https://bluedelta.dz/guides/liquide-refroidissement-industriel/";"Candidat éditorial — volume non mesuré"
"Liquide de refroidissement industriel";"liquide de refroidissement pour échangeur";"https://bluedelta.dz/guides/liquide-refroidissement-industriel/";"Candidat éditorial — volume non mesuré"
"Liquide de refroidissement industriel";"liquide de refroidissement maintenance industrielle";"https://bluedelta.dz/guides/liquide-refroidissement-industriel/";"Candidat éditorial — volume non mesuré"
"Liquide de refroidissement industriel";"liquide de refroidissement OAT industriel";"https://bluedelta.dz/guides/liquide-refroidissement-industriel/";"Candidat éditorial — volume non mesuré"
"Liquide de refroidissement industriel";"liquide industriel avec antigel";"https://bluedelta.dz/guides/liquide-refroidissement-industriel/";"Candidat éditorial — volume non mesuré"
"Liquide de refroidissement industriel";"liquide industriel sans antigel";"https://bluedelta.dz/guides/liquide-refroidissement-industriel/";"Candidat éditorial — volume non mesuré"
"Liquide de refroidissement industriel";"liquide de refroidissement prêt à l’emploi";"https://bluedelta.dz/guides/liquide-refroidissement-industriel/";"Candidat éditorial — volume non mesuré"
"Liquide de refroidissement industriel";"protection circuit de refroidissement industriel";"https://bluedelta.dz/guides/liquide-refroidissement-industriel/";"Candidat éditorial — volume non mesuré"
"Liquide de refroidissement industriel";"compatibilité fluide de refroidissement";"https://bluedelta.dz/guides/liquide-refroidissement-industriel/";"Candidat éditorial — volume non mesuré"
"Liquide de refroidissement industriel";"fiche technique liquide industriel";"https://bluedelta.dz/guides/liquide-refroidissement-industriel/";"Candidat éditorial — volume non mesuré"
"Liquide de refroidissement industriel";"FDS liquide de refroidissement industriel";"https://bluedelta.dz/guides/liquide-refroidissement-industriel/";"Candidat éditorial — volume non mesuré"
"Liquide de refroidissement industriel";"conditionnement liquide de refroidissement";"https://bluedelta.dz/guides/liquide-refroidissement-industriel/";"Candidat éditorial — volume non mesuré"
"Liquide de refroidissement industriel";"stockage liquide de refroidissement industriel";"https://bluedelta.dz/guides/liquide-refroidissement-industriel/";"Candidat éditorial — volume non mesuré"
"Liquide de refroidissement industriel";"approvisionnement liquide industriel";"https://bluedelta.dz/guides/liquide-refroidissement-industriel/";"Candidat éditorial — volume non mesuré"
"Liquide de refroidissement industriel";"distributeur liquide de refroidissement industriel";"https://bluedelta.dz/guides/liquide-refroidissement-industriel/";"Candidat éditorial — volume non mesuré"
"Liquide de refroidissement industriel";"liquide de refroidissement professionnel";"https://bluedelta.dz/guides/liquide-refroidissement-industriel/";"Candidat éditorial — volume non mesuré"
"Liquide de refroidissement industriel";"remplacement fluide industriel";"https://bluedelta.dz/guides/liquide-refroidissement-industriel/";"Candidat éditorial — volume non mesuré"
"Liquide de refroidissement industriel";"vidange circuit de refroidissement industriel";"https://bluedelta.dz/guides/liquide-refroidissement-industriel/";"Candidat éditorial — volume non mesuré"
"Liquide de refroidissement industriel";"rinçage circuit de refroidissement industriel";"https://bluedelta.dz/guides/liquide-refroidissement-industriel/";"Candidat éditorial — volume non mesuré"
"Liquide de refroidissement industriel";"entretien fluide de refroidissement";"https://bluedelta.dz/guides/liquide-refroidissement-industriel/";"Candidat éditorial — volume non mesuré"
"Liquide de refroidissement industriel";"température liquide de refroidissement industriel";"https://bluedelta.dz/guides/liquide-refroidissement-industriel/";"Candidat éditorial — volume non mesuré"
"Liquide de refroidissement industriel";"concentration liquide de refroidissement";"https://bluedelta.dz/guides/liquide-refroidissement-industriel/";"Candidat éditorial — volume non mesuré"
"Liquide de refroidissement industriel";"mélange liquides de refroidissement";"https://bluedelta.dz/guides/liquide-refroidissement-industriel/";"Candidat éditorial — volume non mesuré"
"Liquide de refroidissement industriel";"liquide de refroidissement multi métaux";"https://bluedelta.dz/guides/liquide-refroidissement-industriel/";"Candidat éditorial — volume non mesuré"
"Liquide de refroidissement industriel";"liquide de refroidissement aluminium industriel";"https://bluedelta.dz/guides/liquide-refroidissement-industriel/";"Candidat éditorial — volume non mesuré"
"Liquide de refroidissement industriel";"liquide de refroidissement acier industriel";"https://bluedelta.dz/guides/liquide-refroidissement-industriel/";"Candidat éditorial — volume non mesuré"
"Liquide de refroidissement industriel";"liquide de refroidissement fonte industriel";"https://bluedelta.dz/guides/liquide-refroidissement-industriel/";"Candidat éditorial — volume non mesuré"
"Liquide de refroidissement industriel";"refroidissement équipements industriels";"https://bluedelta.dz/guides/liquide-refroidissement-industriel/";"Candidat éditorial — volume non mesuré"
"Liquide de refroidissement industriel";"solution de refroidissement industrie Algérie";"https://bluedelta.dz/guides/liquide-refroidissement-industriel/";"Candidat éditorial — volume non mesuré"
"Liquide de refroidissement industriel";"BLUE DELTA refroidissement industriel";"https://bluedelta.dz/guides/liquide-refroidissement-industriel/";"Candidat éditorial — volume non mesuré"
"Liquide de refroidissement industriel";"cuve de liquide de refroidissement";"https://bluedelta.dz/guides/liquide-refroidissement-industriel/";"Candidat éditorial — volume non mesuré"
"Liquide de refroidissement industriel";"bidon de liquide de refroidissement industriel";"https://bluedelta.dz/guides/liquide-refroidissement-industriel/";"Candidat éditorial — volume non mesuré"
"Liquide de refroidissement industriel";"fourniture fluide industriel Algérie";"https://bluedelta.dz/guides/liquide-refroidissement-industriel/";"Candidat éditorial — volume non mesuré"
"Liquide de refroidissement industriel";"liquide de refroidissement pour maintenance";"https://bluedelta.dz/guides/liquide-refroidissement-industriel/";"Candidat éditorial — volume non mesuré"
"Liquide de refroidissement industriel";"protection thermique circuit industriel";"https://bluedelta.dz/guides/liquide-refroidissement-industriel/";"Candidat éditorial — volume non mesuré"
"Liquide de refroidissement industriel";"contrôle liquide de refroidissement";"https://bluedelta.dz/guides/liquide-refroidissement-industriel/";"Candidat éditorial — volume non mesuré"
"Liquide de refroidissement industriel";"commande liquide de refroidissement industriel";"https://bluedelta.dz/guides/liquide-refroidissement-industriel/";"Candidat éditorial — volume non mesuré"
"Protection anticorrosion industrielle";"anticorrosion industriel";"https://bluedelta.dz/guides/protection-anticorrosion-industrielle/";"Candidat éditorial — volume non mesuré"
"Protection anticorrosion industrielle";"liquide de refroidissement anticorrosion industriel";"https://bluedelta.dz/guides/protection-anticorrosion-industrielle/";"Candidat éditorial — volume non mesuré"
"Protection anticorrosion industrielle";"anti corrosion industriel Algérie";"https://bluedelta.dz/guides/protection-anticorrosion-industrielle/";"Candidat éditorial — volume non mesuré"
"Protection anticorrosion industrielle";"inhibiteur de corrosion industriel";"https://bluedelta.dz/guides/protection-anticorrosion-industrielle/";"Candidat éditorial — volume non mesuré"
"Protection anticorrosion industrielle";"protection anticorrosion circuit industriel";"https://bluedelta.dz/guides/protection-anticorrosion-industrielle/";"Candidat éditorial — volume non mesuré"
"Protection anticorrosion industrielle";"liquide anticorrosion industriel";"https://bluedelta.dz/guides/protection-anticorrosion-industrielle/";"Candidat éditorial — volume non mesuré"
"Protection anticorrosion industrielle";"fournisseur liquide anticorrosion Algérie";"https://bluedelta.dz/guides/protection-anticorrosion-industrielle/";"Candidat éditorial — volume non mesuré"
"Protection anticorrosion industrielle";"achat inhibiteur de corrosion";"https://bluedelta.dz/guides/protection-anticorrosion-industrielle/";"Candidat éditorial — volume non mesuré"
"Protection anticorrosion industrielle";"devis liquide anticorrosion";"https://bluedelta.dz/guides/protection-anticorrosion-industrielle/";"Candidat éditorial — volume non mesuré"
"Protection anticorrosion industrielle";"prix liquide anticorrosion industriel";"https://bluedelta.dz/guides/protection-anticorrosion-industrielle/";"Candidat éditorial — volume non mesuré"
"Protection anticorrosion industrielle";"anticorrosion circuit de refroidissement";"https://bluedelta.dz/guides/protection-anticorrosion-industrielle/";"Candidat éditorial — volume non mesuré"
"Protection anticorrosion industrielle";"protection métaux circuit fermé";"https://bluedelta.dz/guides/protection-anticorrosion-industrielle/";"Candidat éditorial — volume non mesuré"
"Protection anticorrosion industrielle";"corrosion circuit industriel";"https://bluedelta.dz/guides/protection-anticorrosion-industrielle/";"Candidat éditorial — volume non mesuré"
"Protection anticorrosion industrielle";"prévenir corrosion circuit de refroidissement";"https://bluedelta.dz/guides/protection-anticorrosion-industrielle/";"Candidat éditorial — volume non mesuré"
"Protection anticorrosion industrielle";"liquide OAT anticorrosion";"https://bluedelta.dz/guides/protection-anticorrosion-industrielle/";"Candidat éditorial — volume non mesuré"
"Protection anticorrosion industrielle";"anticorrosion sans antigel";"https://bluedelta.dz/guides/protection-anticorrosion-industrielle/";"Candidat éditorial — volume non mesuré"
"Protection anticorrosion industrielle";"anticorrosion avec antigel";"https://bluedelta.dz/guides/protection-anticorrosion-industrielle/";"Candidat éditorial — volume non mesuré"
"Protection anticorrosion industrielle";"différence antigel anticorrosion";"https://bluedelta.dz/guides/protection-anticorrosion-industrielle/";"Candidat éditorial — volume non mesuré"
"Protection anticorrosion industrielle";"différence antitartre anticorrosion";"https://bluedelta.dz/guides/protection-anticorrosion-industrielle/";"Candidat éditorial — volume non mesuré"
"Protection anticorrosion industrielle";"compatibilité inhibiteur de corrosion";"https://bluedelta.dz/guides/protection-anticorrosion-industrielle/";"Candidat éditorial — volume non mesuré"
"Protection anticorrosion industrielle";"protection aluminium circuit industriel";"https://bluedelta.dz/guides/protection-anticorrosion-industrielle/";"Candidat éditorial — volume non mesuré"
"Protection anticorrosion industrielle";"protection fonte circuit industriel";"https://bluedelta.dz/guides/protection-anticorrosion-industrielle/";"Candidat éditorial — volume non mesuré"
"Protection anticorrosion industrielle";"protection acier circuit industriel";"https://bluedelta.dz/guides/protection-anticorrosion-industrielle/";"Candidat éditorial — volume non mesuré"
"Protection anticorrosion industrielle";"protection alliages circuit refroidissement";"https://bluedelta.dz/guides/protection-anticorrosion-industrielle/";"Candidat éditorial — volume non mesuré"
"Protection anticorrosion industrielle";"protection multi métaux industriel";"https://bluedelta.dz/guides/protection-anticorrosion-industrielle/";"Candidat éditorial — volume non mesuré"
"Protection anticorrosion industrielle";"fluide inhibiteur de corrosion";"https://bluedelta.dz/guides/protection-anticorrosion-industrielle/";"Candidat éditorial — volume non mesuré"
"Protection anticorrosion industrielle";"liquide anticorrosion prêt à l’emploi";"https://bluedelta.dz/guides/protection-anticorrosion-industrielle/";"Candidat éditorial — volume non mesuré"
"Protection anticorrosion industrielle";"liquide anticorrosion en cuve";"https://bluedelta.dz/guides/protection-anticorrosion-industrielle/";"Candidat éditorial — volume non mesuré"
"Protection anticorrosion industrielle";"liquide anticorrosion en bidon";"https://bluedelta.dz/guides/protection-anticorrosion-industrielle/";"Candidat éditorial — volume non mesuré"
"Protection anticorrosion industrielle";"cuve IBC anticorrosion";"https://bluedelta.dz/guides/protection-anticorrosion-industrielle/";"Candidat éditorial — volume non mesuré"
"Protection anticorrosion industrielle";"maintenance anticorrosion industrielle";"https://bluedelta.dz/guides/protection-anticorrosion-industrielle/";"Candidat éditorial — volume non mesuré"
"Protection anticorrosion industrielle";"contrôle corrosion circuit fermé";"https://bluedelta.dz/guides/protection-anticorrosion-industrielle/";"Candidat éditorial — volume non mesuré"
"Protection anticorrosion industrielle";"fiche technique liquide anticorrosion";"https://bluedelta.dz/guides/protection-anticorrosion-industrielle/";"Candidat éditorial — volume non mesuré"
"Protection anticorrosion industrielle";"FDS inhibiteur de corrosion";"https://bluedelta.dz/guides/protection-anticorrosion-industrielle/";"Candidat éditorial — volume non mesuré"
"Protection anticorrosion industrielle";"dosage inhibiteur de corrosion";"https://bluedelta.dz/guides/protection-anticorrosion-industrielle/";"Candidat éditorial — volume non mesuré"
"Protection anticorrosion industrielle";"concentration fluide anticorrosion";"https://bluedelta.dz/guides/protection-anticorrosion-industrielle/";"Candidat éditorial — volume non mesuré"
"Protection anticorrosion industrielle";"mélange liquide anticorrosion";"https://bluedelta.dz/guides/protection-anticorrosion-industrielle/";"Candidat éditorial — volume non mesuré"
"Protection anticorrosion industrielle";"appoint circuit anticorrosion";"https://bluedelta.dz/guides/protection-anticorrosion-industrielle/";"Candidat éditorial — volume non mesuré"
"Protection anticorrosion industrielle";"remplacement liquide anticorrosion";"https://bluedelta.dz/guides/protection-anticorrosion-industrielle/";"Candidat éditorial — volume non mesuré"
"Protection anticorrosion industrielle";"rinçage avant liquide anticorrosion";"https://bluedelta.dz/guides/protection-anticorrosion-industrielle/";"Candidat éditorial — volume non mesuré"
"Protection anticorrosion industrielle";"inhibiteur corrosion échangeur";"https://bluedelta.dz/guides/protection-anticorrosion-industrielle/";"Candidat éditorial — volume non mesuré"
"Protection anticorrosion industrielle";"protection anticorrosion refroidissement";"https://bluedelta.dz/guides/protection-anticorrosion-industrielle/";"Candidat éditorial — volume non mesuré"
"Protection anticorrosion industrielle";"BLUE DELTA anticorrosion";"https://bluedelta.dz/guides/protection-anticorrosion-industrielle/";"Candidat éditorial — volume non mesuré"
"Protection anticorrosion industrielle";"anticorrosion Boumerdès";"https://bluedelta.dz/guides/protection-anticorrosion-industrielle/";"Candidat éditorial — volume non mesuré"
"Protection anticorrosion industrielle";"anticorrosion Ouled Moussa";"https://bluedelta.dz/guides/protection-anticorrosion-industrielle/";"Candidat éditorial — volume non mesuré"
"Protection anticorrosion industrielle";"fourniture anticorrosion professionnel";"https://bluedelta.dz/guides/protection-anticorrosion-industrielle/";"Candidat éditorial — volume non mesuré"
"Protection anticorrosion industrielle";"distributeur liquide anticorrosion";"https://bluedelta.dz/guides/protection-anticorrosion-industrielle/";"Candidat éditorial — volume non mesuré"
"Protection anticorrosion industrielle";"solution anticorrosion maintenance";"https://bluedelta.dz/guides/protection-anticorrosion-industrielle/";"Candidat éditorial — volume non mesuré"
"Protection anticorrosion industrielle";"choisir inhibiteur de corrosion";"https://bluedelta.dz/guides/protection-anticorrosion-industrielle/";"Candidat éditorial — volume non mesuré"
"Protection anticorrosion industrielle";"commande liquide anticorrosion industriel";"https://bluedelta.dz/guides/protection-anticorrosion-industrielle/";"Candidat éditorial — volume non mesuré"
"Eau déminéralisée";"eau déminéralisée";"https://bluedelta.dz/guides/eau-demineralisee/";"Candidat éditorial — volume non mesuré"
"Eau déminéralisée";"eau déminéralisée Algérie";"https://bluedelta.dz/guides/eau-demineralisee/";"Candidat éditorial — volume non mesuré"
"Eau déminéralisée";"eau déminéralisée 5 litres";"https://bluedelta.dz/guides/eau-demineralisee/";"Candidat éditorial — volume non mesuré"
"Eau déminéralisée";"eau déminéralisée BLUE DELTA";"https://bluedelta.dz/guides/eau-demineralisee/";"Candidat éditorial — volume non mesuré"
"Eau déminéralisée";"achat eau déminéralisée";"https://bluedelta.dz/guides/eau-demineralisee/";"Candidat éditorial — volume non mesuré"
"Eau déminéralisée";"prix eau déminéralisée Algérie";"https://bluedelta.dz/guides/eau-demineralisee/";"Candidat éditorial — volume non mesuré"
"Eau déminéralisée";"fournisseur eau déminéralisée";"https://bluedelta.dz/guides/eau-demineralisee/";"Candidat éditorial — volume non mesuré"
"Eau déminéralisée";"eau déminéralisée Boumerdès";"https://bluedelta.dz/guides/eau-demineralisee/";"Candidat éditorial — volume non mesuré"
"Eau déminéralisée";"eau déminéralisée Ouled Moussa";"https://bluedelta.dz/guides/eau-demineralisee/";"Candidat éditorial — volume non mesuré"
"Eau déminéralisée";"bidon eau déminéralisée";"https://bluedelta.dz/guides/eau-demineralisee/";"Candidat éditorial — volume non mesuré"
"Eau déminéralisée";"commande eau déminéralisée";"https://bluedelta.dz/guides/eau-demineralisee/";"Candidat éditorial — volume non mesuré"
"Eau déminéralisée";"eau déminéralisée usage technique";"https://bluedelta.dz/guides/eau-demineralisee/";"Candidat éditorial — volume non mesuré"
"Eau déminéralisée";"conductivité eau déminéralisée";"https://bluedelta.dz/guides/eau-demineralisee/";"Candidat éditorial — volume non mesuré"
"Eau déminéralisée";"fiche technique eau déminéralisée";"https://bluedelta.dz/guides/eau-demineralisee/";"Candidat éditorial — volume non mesuré"
"Eau déminéralisée";"pureté eau déminéralisée";"https://bluedelta.dz/guides/eau-demineralisee/";"Candidat éditorial — volume non mesuré"
"Eau déminéralisée";"stockage eau déminéralisée";"https://bluedelta.dz/guides/eau-demineralisee/";"Candidat éditorial — volume non mesuré"
"Eau déminéralisée";"eau déminéralisée circuit refroidissement";"https://bluedelta.dz/guides/eau-demineralisee/";"Candidat éditorial — volume non mesuré"
"Eau déminéralisée";"eau déminéralisée dilution liquide";"https://bluedelta.dz/guides/eau-demineralisee/";"Candidat éditorial — volume non mesuré"
"Eau déminéralisée";"eau déminéralisée minéraux";"https://bluedelta.dz/guides/eau-demineralisee/";"Candidat éditorial — volume non mesuré"
"Eau déminéralisée";"eau déminéralisée entretien professionnel";"https://bluedelta.dz/guides/eau-demineralisee/";"Candidat éditorial — volume non mesuré"
"Eau déminéralisée";"eau déminéralisée ou distillée";"https://bluedelta.dz/guides/eau-demineralisee/";"Candidat éditorial — volume non mesuré"
"Eau déminéralisée";"eau déminéralisée et eau déionisée";"https://bluedelta.dz/guides/eau-demineralisee/";"Candidat éditorial — volume non mesuré"
"Eau déminéralisée";"eau déminéralisée ou eau osmosée";"https://bluedelta.dz/guides/eau-demineralisee/";"Candidat éditorial — volume non mesuré"
"Eau déminéralisée";"qualité eau déminéralisée";"https://bluedelta.dz/guides/eau-demineralisee/";"Candidat éditorial — volume non mesuré"
"Eau déminéralisée";"déminéralisation de l’eau";"https://bluedelta.dz/guides/eau-demineralisee/";"Candidat éditorial — volume non mesuré"
"Eau déminéralisée";"déminéralisation échange d’ions";"https://bluedelta.dz/guides/eau-demineralisee/";"Candidat éditorial — volume non mesuré"
"Eau déminéralisée";"eau faible teneur en minéraux";"https://bluedelta.dz/guides/eau-demineralisee/";"Candidat éditorial — volume non mesuré"
"Eau déminéralisée";"eau de dilution fluide concentré";"https://bluedelta.dz/guides/eau-demineralisee/";"Candidat éditorial — volume non mesuré"
"Eau déminéralisée";"ions minéraux dans l’eau";"https://bluedelta.dz/guides/eau-demineralisee/";"Candidat éditorial — volume non mesuré"
"Eau déminéralisée";"contrôle conductivité eau";"https://bluedelta.dz/guides/eau-demineralisee/";"Candidat éditorial — volume non mesuré"
"Eau déminéralisée";"devis eau déminéralisée professionnel";"https://bluedelta.dz/guides/eau-demineralisee/";"Candidat éditorial — volume non mesuré"
"Eau déminéralisée";"distributeur eau déminéralisée";"https://bluedelta.dz/guides/eau-demineralisee/";"Candidat éditorial — volume non mesuré"
"Eau déminéralisée";"conditionnement eau déminéralisée";"https://bluedelta.dz/guides/eau-demineralisee/";"Candidat éditorial — volume non mesuré"
"Eau déminéralisée";"eau déminéralisée en bidon 5 L";"https://bluedelta.dz/guides/eau-demineralisee/";"Candidat éditorial — volume non mesuré"
"Eau déminéralisée";"livraison eau déminéralisée à confirmer";"https://bluedelta.dz/guides/eau-demineralisee/";"Candidat éditorial — volume non mesuré"
"Eau déminéralisée";"eau déminéralisée pour atelier";"https://bluedelta.dz/guides/eau-demineralisee/";"Candidat éditorial — volume non mesuré"
"Eau déminéralisée";"eau déminéralisée maintenance";"https://bluedelta.dz/guides/eau-demineralisee/";"Candidat éditorial — volume non mesuré"
"Eau déminéralisée";"choisir eau déminéralisée";"https://bluedelta.dz/guides/eau-demineralisee/";"Candidat éditorial — volume non mesuré"
"Eau déminéralisée";"spécifications eau déminéralisée";"https://bluedelta.dz/guides/eau-demineralisee/";"Candidat éditorial — volume non mesuré"
"Eau déminéralisée";"résistivité eau déminéralisée";"https://bluedelta.dz/guides/eau-demineralisee/";"Candidat éditorial — volume non mesuré"
"Eau déminéralisée";"eau déminéralisée contamination";"https://bluedelta.dz/guides/eau-demineralisee/";"Candidat éditorial — volume non mesuré"
"Eau déminéralisée";"conservation bidon eau déminéralisée";"https://bluedelta.dz/guides/eau-demineralisee/";"Candidat éditorial — volume non mesuré"
"Eau déminéralisée";"eau déminéralisée appoint circuit";"https://bluedelta.dz/guides/eau-demineralisee/";"Candidat éditorial — volume non mesuré"
"Eau déminéralisée";"eau déminéralisée dilution antigel";"https://bluedelta.dz/guides/eau-demineralisee/";"Candidat éditorial — volume non mesuré"
"Eau déminéralisée";"eau technique non potable";"https://bluedelta.dz/guides/eau-demineralisee/";"Candidat éditorial — volume non mesuré"
"Eau déminéralisée";"eau déminéralisée compatibilité appareil";"https://bluedelta.dz/guides/eau-demineralisee/";"Candidat éditorial — volume non mesuré"
"Eau déminéralisée";"eau déminéralisée cahier des charges";"https://bluedelta.dz/guides/eau-demineralisee/";"Candidat éditorial — volume non mesuré"
"Eau déminéralisée";"approvisionnement eau déminéralisée";"https://bluedelta.dz/guides/eau-demineralisee/";"Candidat éditorial — volume non mesuré"
"Eau déminéralisée";"eau déminéralisée fournisseur professionnel";"https://bluedelta.dz/guides/eau-demineralisee/";"Candidat éditorial — volume non mesuré"
"Eau déminéralisée";"demande fiche technique eau déminéralisée";"https://bluedelta.dz/guides/eau-demineralisee/";"Candidat éditorial — volume non mesuré"
"Eau distillée";"eau distillée";"https://bluedelta.dz/guides/eau-distillee/";"Candidat éditorial — volume non mesuré"
"Eau distillée";"eau distillée Algérie";"https://bluedelta.dz/guides/eau-distillee/";"Candidat éditorial — volume non mesuré"
"Eau distillée";"eau distillée définition";"https://bluedelta.dz/guides/eau-distillee/";"Candidat éditorial — volume non mesuré"
"Eau distillée";"eau distillée procédé";"https://bluedelta.dz/guides/eau-distillee/";"Candidat éditorial — volume non mesuré"
"Eau distillée";"distillation de l’eau";"https://bluedelta.dz/guides/eau-distillee/";"Candidat éditorial — volume non mesuré"
"Eau distillée";"différence eau distillée eau déminéralisée";"https://bluedelta.dz/guides/eau-distillee/";"Candidat éditorial — volume non mesuré"
"Eau distillée";"eau distillée ou déminéralisée";"https://bluedelta.dz/guides/eau-distillee/";"Candidat éditorial — volume non mesuré"
"Eau distillée";"eau distillée et eau déionisée";"https://bluedelta.dz/guides/eau-distillee/";"Candidat éditorial — volume non mesuré"
"Eau distillée";"eau distillée ou eau osmosée";"https://bluedelta.dz/guides/eau-distillee/";"Candidat éditorial — volume non mesuré"
"Eau distillée";"eau distillée conductivité";"https://bluedelta.dz/guides/eau-distillee/";"Candidat éditorial — volume non mesuré"
"Eau distillée";"eau distillée pureté";"https://bluedelta.dz/guides/eau-distillee/";"Candidat éditorial — volume non mesuré"
"Eau distillée";"eau distillée usage technique";"https://bluedelta.dz/guides/eau-distillee/";"Candidat éditorial — volume non mesuré"
"Eau distillée";"eau distillée circuit refroidissement";"https://bluedelta.dz/guides/eau-distillee/";"Candidat éditorial — volume non mesuré"
"Eau distillée";"eau distillée dilution antigel";"https://bluedelta.dz/guides/eau-distillee/";"Candidat éditorial — volume non mesuré"
"Eau distillée";"remplacer eau distillée par eau déminéralisée";"https://bluedelta.dz/guides/eau-distillee/";"Candidat éditorial — volume non mesuré"
"Eau distillée";"eau distillée est elle stérile";"https://bluedelta.dz/guides/eau-distillee/";"Candidat éditorial — volume non mesuré"
"Eau distillée";"eau distillée qualité laboratoire";"https://bluedelta.dz/guides/eau-distillee/";"Candidat éditorial — volume non mesuré"
"Eau distillée";"eau distillée eau potable différence";"https://bluedelta.dz/guides/eau-distillee/";"Candidat éditorial — volume non mesuré"
"Eau distillée";"comment obtenir eau distillée";"https://bluedelta.dz/guides/eau-distillee/";"Candidat éditorial — volume non mesuré"
"Eau distillée";"vaporisation condensation eau";"https://bluedelta.dz/guides/eau-distillee/";"Candidat éditorial — volume non mesuré"
"Eau distillée";"spécifications eau distillée";"https://bluedelta.dz/guides/eau-distillee/";"Candidat éditorial — volume non mesuré"
"Eau distillée";"contrôle qualité eau distillée";"https://bluedelta.dz/guides/eau-distillee/";"Candidat éditorial — volume non mesuré"
"Eau distillée";"résistivité eau distillée";"https://bluedelta.dz/guides/eau-distillee/";"Candidat éditorial — volume non mesuré"
"Eau distillée";"stockage eau distillée";"https://bluedelta.dz/guides/eau-distillee/";"Candidat éditorial — volume non mesuré"
"Eau distillée";"conservation eau distillée";"https://bluedelta.dz/guides/eau-distillee/";"Candidat éditorial — volume non mesuré"
"Eau distillée";"eau distillée contamination";"https://bluedelta.dz/guides/eau-distillee/";"Candidat éditorial — volume non mesuré"
"Eau distillée";"eau distillée minéraux";"https://bluedelta.dz/guides/eau-distillee/";"Candidat éditorial — volume non mesuré"
"Eau distillée";"eau distillée ions";"https://bluedelta.dz/guides/eau-distillee/";"Candidat éditorial — volume non mesuré"
"Eau distillée";"eau distillée impuretés";"https://bluedelta.dz/guides/eau-distillee/";"Candidat éditorial — volume non mesuré"
"Eau distillée";"eau distillée substances volatiles";"https://bluedelta.dz/guides/eau-distillee/";"Candidat éditorial — volume non mesuré"
"Eau distillée";"eau distillée cahier des charges";"https://bluedelta.dz/guides/eau-distillee/";"Candidat éditorial — volume non mesuré"
"Eau distillée";"eau distillée compatibilité appareil";"https://bluedelta.dz/guides/eau-distillee/";"Candidat éditorial — volume non mesuré"
"Eau distillée";"eau distillée fabricant équipement";"https://bluedelta.dz/guides/eau-distillee/";"Candidat éditorial — volume non mesuré"
"Eau distillée";"eau distillée fluide concentré";"https://bluedelta.dz/guides/eau-distillee/";"Candidat éditorial — volume non mesuré"
"Eau distillée";"eau distillée dilution liquide refroidissement";"https://bluedelta.dz/guides/eau-distillee/";"Candidat éditorial — volume non mesuré"
"Eau distillée";"eau distillée usage industriel";"https://bluedelta.dz/guides/eau-distillee/";"Candidat éditorial — volume non mesuré"
"Eau distillée";"eau distillée entretien technique";"https://bluedelta.dz/guides/eau-distillee/";"Candidat éditorial — volume non mesuré"
"Eau distillée";"choisir eau distillée";"https://bluedelta.dz/guides/eau-distillee/";"Candidat éditorial — volume non mesuré"
"Eau distillée";"fiche technique eau distillée";"https://bluedelta.dz/guides/eau-distillee/";"Candidat éditorial — volume non mesuré"
"Eau distillée";"document contrôle eau distillée";"https://bluedelta.dz/guides/eau-distillee/";"Candidat éditorial — volume non mesuré"
"Eau distillée";"eau distillée traçabilité lot";"https://bluedelta.dz/guides/eau-distillee/";"Candidat éditorial — volume non mesuré"
"Eau distillée";"eau distillée pour préparation solution";"https://bluedelta.dz/guides/eau-distillee/";"Candidat éditorial — volume non mesuré"
"Eau distillée";"eau technique distillée";"https://bluedelta.dz/guides/eau-distillee/";"Candidat éditorial — volume non mesuré"
"Eau distillée";"eau distillée et stérilité";"https://bluedelta.dz/guides/eau-distillee/";"Candidat éditorial — volume non mesuré"
"Eau distillée";"eau distillée et déminéralisation";"https://bluedelta.dz/guides/eau-distillee/";"Candidat éditorial — volume non mesuré"
"Eau distillée";"eau distillée traitement eau";"https://bluedelta.dz/guides/eau-distillee/";"Candidat éditorial — volume non mesuré"
"Eau distillée";"eau distillée exigence technique";"https://bluedelta.dz/guides/eau-distillee/";"Candidat éditorial — volume non mesuré"
"Eau distillée";"eau distillée disponible ou déminéralisée";"https://bluedelta.dz/guides/eau-distillee/";"Candidat éditorial — volume non mesuré"
"Eau distillée";"qualité requise eau distillée";"https://bluedelta.dz/guides/eau-distillee/";"Candidat éditorial — volume non mesuré"
"Eau distillée";"guide eau distillée";"https://bluedelta.dz/guides/eau-distillee/";"Candidat éditorial — volume non mesuré"
"Nettoyant antitartre canalisations";"nettoyant antitartre canalisations";"https://bluedelta.dz/guides/nettoyant-antitartre-canalisations/";"Candidat éditorial — volume non mesuré"
"Nettoyant antitartre canalisations";"nettoyant antitartre canalisations Algérie";"https://bluedelta.dz/guides/nettoyant-antitartre-canalisations/";"Candidat éditorial — volume non mesuré"
"Nettoyant antitartre canalisations";"antitartre canalisations 20 L";"https://bluedelta.dz/guides/nettoyant-antitartre-canalisations/";"Candidat éditorial — volume non mesuré"
"Nettoyant antitartre canalisations";"antitartre canalisations cuve IBC";"https://bluedelta.dz/guides/nettoyant-antitartre-canalisations/";"Candidat éditorial — volume non mesuré"
"Nettoyant antitartre canalisations";"détartrant canalisations professionnel";"https://bluedelta.dz/guides/nettoyant-antitartre-canalisations/";"Candidat éditorial — volume non mesuré"
"Nettoyant antitartre canalisations";"fournisseur antitartre canalisations";"https://bluedelta.dz/guides/nettoyant-antitartre-canalisations/";"Candidat éditorial — volume non mesuré"
"Nettoyant antitartre canalisations";"achat nettoyant antitartre";"https://bluedelta.dz/guides/nettoyant-antitartre-canalisations/";"Candidat éditorial — volume non mesuré"
"Nettoyant antitartre canalisations";"prix antitartre canalisations";"https://bluedelta.dz/guides/nettoyant-antitartre-canalisations/";"Candidat éditorial — volume non mesuré"
"Nettoyant antitartre canalisations";"devis antitartre industriel";"https://bluedelta.dz/guides/nettoyant-antitartre-canalisations/";"Candidat éditorial — volume non mesuré"
"Nettoyant antitartre canalisations";"BLUE DELTA antitartre";"https://bluedelta.dz/guides/nettoyant-antitartre-canalisations/";"Candidat éditorial — volume non mesuré"
"Nettoyant antitartre canalisations";"antitartre Boumerdès";"https://bluedelta.dz/guides/nettoyant-antitartre-canalisations/";"Candidat éditorial — volume non mesuré"
"Nettoyant antitartre canalisations";"antitartre Ouled Moussa";"https://bluedelta.dz/guides/nettoyant-antitartre-canalisations/";"Candidat éditorial — volume non mesuré"
"Nettoyant antitartre canalisations";"nettoyant calcaire canalisations";"https://bluedelta.dz/guides/nettoyant-antitartre-canalisations/";"Candidat éditorial — volume non mesuré"
"Nettoyant antitartre canalisations";"éliminer calcaire canalisations";"https://bluedelta.dz/guides/nettoyant-antitartre-canalisations/";"Candidat éditorial — volume non mesuré"
"Nettoyant antitartre canalisations";"dépôts calcaire circuit industriel";"https://bluedelta.dz/guides/nettoyant-antitartre-canalisations/";"Candidat éditorial — volume non mesuré"
"Nettoyant antitartre canalisations";"détartrage canalisations industriel";"https://bluedelta.dz/guides/nettoyant-antitartre-canalisations/";"Candidat éditorial — volume non mesuré"
"Nettoyant antitartre canalisations";"nettoyage canalisations industriel";"https://bluedelta.dz/guides/nettoyant-antitartre-canalisations/";"Candidat éditorial — volume non mesuré"
"Nettoyant antitartre canalisations";"détartrant circuit fermé";"https://bluedelta.dz/guides/nettoyant-antitartre-canalisations/";"Candidat éditorial — volume non mesuré"
"Nettoyant antitartre canalisations";"nettoyant dépôts minéraux";"https://bluedelta.dz/guides/nettoyant-antitartre-canalisations/";"Candidat éditorial — volume non mesuré"
"Nettoyant antitartre canalisations";"détartrage échangeur compatibilité";"https://bluedelta.dz/guides/nettoyant-antitartre-canalisations/";"Candidat éditorial — volume non mesuré"
"Nettoyant antitartre canalisations";"antitartre maintenance industrielle";"https://bluedelta.dz/guides/nettoyant-antitartre-canalisations/";"Candidat éditorial — volume non mesuré"
"Nettoyant antitartre canalisations";"détartrant professionnel Algérie";"https://bluedelta.dz/guides/nettoyant-antitartre-canalisations/";"Candidat éditorial — volume non mesuré"
"Nettoyant antitartre canalisations";"nettoyant antitartre en bidon";"https://bluedelta.dz/guides/nettoyant-antitartre-canalisations/";"Candidat éditorial — volume non mesuré"
"Nettoyant antitartre canalisations";"nettoyant antitartre en cuve";"https://bluedelta.dz/guides/nettoyant-antitartre-canalisations/";"Candidat éditorial — volume non mesuré"
"Nettoyant antitartre canalisations";"conditionnement détartrant industriel";"https://bluedelta.dz/guides/nettoyant-antitartre-canalisations/";"Candidat éditorial — volume non mesuré"
"Nettoyant antitartre canalisations";"commande antitartre canalisations";"https://bluedelta.dz/guides/nettoyant-antitartre-canalisations/";"Candidat éditorial — volume non mesuré"
"Nettoyant antitartre canalisations";"fiche technique antitartre";"https://bluedelta.dz/guides/nettoyant-antitartre-canalisations/";"Candidat éditorial — volume non mesuré"
"Nettoyant antitartre canalisations";"FDS nettoyant antitartre";"https://bluedelta.dz/guides/nettoyant-antitartre-canalisations/";"Candidat éditorial — volume non mesuré"
"Nettoyant antitartre canalisations";"dosage nettoyant antitartre";"https://bluedelta.dz/guides/nettoyant-antitartre-canalisations/";"Candidat éditorial — volume non mesuré"
"Nettoyant antitartre canalisations";"dilution détartrant canalisations";"https://bluedelta.dz/guides/nettoyant-antitartre-canalisations/";"Candidat éditorial — volume non mesuré"
"Nettoyant antitartre canalisations";"temps contact détartrant";"https://bluedelta.dz/guides/nettoyant-antitartre-canalisations/";"Candidat éditorial — volume non mesuré"
"Nettoyant antitartre canalisations";"rinçage après détartrage";"https://bluedelta.dz/guides/nettoyant-antitartre-canalisations/";"Candidat éditorial — volume non mesuré"
"Nettoyant antitartre canalisations";"compatibilité antitartre matériaux";"https://bluedelta.dz/guides/nettoyant-antitartre-canalisations/";"Candidat éditorial — volume non mesuré"
"Nettoyant antitartre canalisations";"détartrant joints compatibilité";"https://bluedelta.dz/guides/nettoyant-antitartre-canalisations/";"Candidat éditorial — volume non mesuré"
"Nettoyant antitartre canalisations";"détartrant métaux compatibilité";"https://bluedelta.dz/guides/nettoyant-antitartre-canalisations/";"Candidat éditorial — volume non mesuré"
"Nettoyant antitartre canalisations";"nettoyant canalisations plastiques compatibilité";"https://bluedelta.dz/guides/nettoyant-antitartre-canalisations/";"Candidat éditorial — volume non mesuré"
"Nettoyant antitartre canalisations";"préparation détartrage industriel";"https://bluedelta.dz/guides/nettoyant-antitartre-canalisations/";"Candidat éditorial — volume non mesuré"
"Nettoyant antitartre canalisations";"sécurité détartrage canalisations";"https://bluedelta.dz/guides/nettoyant-antitartre-canalisations/";"Candidat éditorial — volume non mesuré"
"Nettoyant antitartre canalisations";"effluents détartrage industriel";"https://bluedelta.dz/guides/nettoyant-antitartre-canalisations/";"Candidat éditorial — volume non mesuré"
"Nettoyant antitartre canalisations";"diagnostic dépôts canalisations";"https://bluedelta.dz/guides/nettoyant-antitartre-canalisations/";"Candidat éditorial — volume non mesuré"
"Nettoyant antitartre canalisations";"calcaire ou corrosion canalisations";"https://bluedelta.dz/guides/nettoyant-antitartre-canalisations/";"Candidat éditorial — volume non mesuré"
"Nettoyant antitartre canalisations";"antitartre ou déboucheur";"https://bluedelta.dz/guides/nettoyant-antitartre-canalisations/";"Candidat éditorial — volume non mesuré"
"Nettoyant antitartre canalisations";"antitartre ou anticorrosion";"https://bluedelta.dz/guides/nettoyant-antitartre-canalisations/";"Candidat éditorial — volume non mesuré"
"Nettoyant antitartre canalisations";"prévention entartrage industriel";"https://bluedelta.dz/guides/nettoyant-antitartre-canalisations/";"Candidat éditorial — volume non mesuré"
"Nettoyant antitartre canalisations";"entretien réseaux canalisations";"https://bluedelta.dz/guides/nettoyant-antitartre-canalisations/";"Candidat éditorial — volume non mesuré"
"Nettoyant antitartre canalisations";"nettoyage circuit avant remise service";"https://bluedelta.dz/guides/nettoyant-antitartre-canalisations/";"Candidat éditorial — volume non mesuré"
"Nettoyant antitartre canalisations";"fourniture détartrant professionnel";"https://bluedelta.dz/guides/nettoyant-antitartre-canalisations/";"Candidat éditorial — volume non mesuré"
"Nettoyant antitartre canalisations";"approvisionnement antitartre industriel";"https://bluedelta.dz/guides/nettoyant-antitartre-canalisations/";"Candidat éditorial — volume non mesuré"
"Nettoyant antitartre canalisations";"choisir nettoyant antitartre";"https://bluedelta.dz/guides/nettoyant-antitartre-canalisations/";"Candidat éditorial — volume non mesuré"
"Nettoyant antitartre canalisations";"traitement dépôts circuit industriel";"https://bluedelta.dz/guides/nettoyant-antitartre-canalisations/";"Candidat éditorial — volume non mesuré"
"Système de refroidissement industriel";"système de refroidissement industriel";"https://bluedelta.dz/guides/systeme-refroidissement-industriel/";"Candidat éditorial — volume non mesuré"
"Système de refroidissement industriel";"système de refroidissement industriel Algérie";"https://bluedelta.dz/guides/systeme-refroidissement-industriel/";"Candidat éditorial — volume non mesuré"
"Système de refroidissement industriel";"circuit de refroidissement industriel";"https://bluedelta.dz/guides/systeme-refroidissement-industriel/";"Candidat éditorial — volume non mesuré"
"Système de refroidissement industriel";"fonctionnement refroidissement industriel";"https://bluedelta.dz/guides/systeme-refroidissement-industriel/";"Candidat éditorial — volume non mesuré"
"Système de refroidissement industriel";"fluide système refroidissement industriel";"https://bluedelta.dz/guides/systeme-refroidissement-industriel/";"Candidat éditorial — volume non mesuré"
"Système de refroidissement industriel";"maintenance refroidissement industriel";"https://bluedelta.dz/guides/systeme-refroidissement-industriel/";"Candidat éditorial — volume non mesuré"
"Système de refroidissement industriel";"entretien circuit refroidissement";"https://bluedelta.dz/guides/systeme-refroidissement-industriel/";"Candidat éditorial — volume non mesuré"
"Système de refroidissement industriel";"circuit fermé refroidissement industriel";"https://bluedelta.dz/guides/systeme-refroidissement-industriel/";"Candidat éditorial — volume non mesuré"
"Système de refroidissement industriel";"circuit ouvert refroidissement industriel";"https://bluedelta.dz/guides/systeme-refroidissement-industriel/";"Candidat éditorial — volume non mesuré"
"Système de refroidissement industriel";"différence circuit ouvert fermé";"https://bluedelta.dz/guides/systeme-refroidissement-industriel/";"Candidat éditorial — volume non mesuré"
"Système de refroidissement industriel";"échangeur thermique refroidissement";"https://bluedelta.dz/guides/systeme-refroidissement-industriel/";"Candidat éditorial — volume non mesuré"
"Système de refroidissement industriel";"pompe circuit refroidissement";"https://bluedelta.dz/guides/systeme-refroidissement-industriel/";"Candidat éditorial — volume non mesuré"
"Système de refroidissement industriel";"débit circuit refroidissement industriel";"https://bluedelta.dz/guides/systeme-refroidissement-industriel/";"Candidat éditorial — volume non mesuré"
"Système de refroidissement industriel";"température circuit industriel";"https://bluedelta.dz/guides/systeme-refroidissement-industriel/";"Candidat éditorial — volume non mesuré"
"Système de refroidissement industriel";"transfert chaleur industriel";"https://bluedelta.dz/guides/systeme-refroidissement-industriel/";"Candidat éditorial — volume non mesuré"
"Système de refroidissement industriel";"fluide caloporteur circuit fermé";"https://bluedelta.dz/guides/systeme-refroidissement-industriel/";"Candidat éditorial — volume non mesuré"
"Système de refroidissement industriel";"choisir fluide circuit industriel";"https://bluedelta.dz/guides/systeme-refroidissement-industriel/";"Candidat éditorial — volume non mesuré"
"Système de refroidissement industriel";"qualité eau refroidissement industriel";"https://bluedelta.dz/guides/systeme-refroidissement-industriel/";"Candidat éditorial — volume non mesuré"
"Système de refroidissement industriel";"protection circuit industriel";"https://bluedelta.dz/guides/systeme-refroidissement-industriel/";"Candidat éditorial — volume non mesuré"
"Système de refroidissement industriel";"corrosion système refroidissement";"https://bluedelta.dz/guides/systeme-refroidissement-industriel/";"Candidat éditorial — volume non mesuré"
"Système de refroidissement industriel";"entartrage système refroidissement";"https://bluedelta.dz/guides/systeme-refroidissement-industriel/";"Candidat éditorial — volume non mesuré"
"Système de refroidissement industriel";"dépôts échangeur thermique";"https://bluedelta.dz/guides/systeme-refroidissement-industriel/";"Candidat éditorial — volume non mesuré"
"Système de refroidissement industriel";"nettoyage circuit industriel";"https://bluedelta.dz/guides/systeme-refroidissement-industriel/";"Candidat éditorial — volume non mesuré"
"Système de refroidissement industriel";"rinçage système refroidissement";"https://bluedelta.dz/guides/systeme-refroidissement-industriel/";"Candidat éditorial — volume non mesuré"
"Système de refroidissement industriel";"vidange système refroidissement";"https://bluedelta.dz/guides/systeme-refroidissement-industriel/";"Candidat éditorial — volume non mesuré"
"Système de refroidissement industriel";"remplissage circuit refroidissement";"https://bluedelta.dz/guides/systeme-refroidissement-industriel/";"Candidat éditorial — volume non mesuré"
"Système de refroidissement industriel";"appoint liquide circuit industriel";"https://bluedelta.dz/guides/systeme-refroidissement-industriel/";"Candidat éditorial — volume non mesuré"
"Système de refroidissement industriel";"remplacement fluide refroidissement";"https://bluedelta.dz/guides/systeme-refroidissement-industriel/";"Candidat éditorial — volume non mesuré"
"Système de refroidissement industriel";"contrôle fluide circuit industriel";"https://bluedelta.dz/guides/systeme-refroidissement-industriel/";"Candidat éditorial — volume non mesuré"
"Système de refroidissement industriel";"plan maintenance refroidissement";"https://bluedelta.dz/guides/systeme-refroidissement-industriel/";"Candidat éditorial — volume non mesuré"
"Système de refroidissement industriel";"compatibilité matériaux circuit";"https://bluedelta.dz/guides/systeme-refroidissement-industriel/";"Candidat éditorial — volume non mesuré"
"Système de refroidissement industriel";"protection gel circuit industriel";"https://bluedelta.dz/guides/systeme-refroidissement-industriel/";"Candidat éditorial — volume non mesuré"
"Système de refroidissement industriel";"inhibiteur corrosion refroidissement";"https://bluedelta.dz/guides/systeme-refroidissement-industriel/";"Candidat éditorial — volume non mesuré"
"Système de refroidissement industriel";"liquide OAT circuit industriel";"https://bluedelta.dz/guides/systeme-refroidissement-industriel/";"Candidat éditorial — volume non mesuré"
"Système de refroidissement industriel";"liquide prêt à l’emploi circuit";"https://bluedelta.dz/guides/systeme-refroidissement-industriel/";"Candidat éditorial — volume non mesuré"
"Système de refroidissement industriel";"concentration fluide circuit fermé";"https://bluedelta.dz/guides/systeme-refroidissement-industriel/";"Candidat éditorial — volume non mesuré"
"Système de refroidissement industriel";"stockage fluide industriel";"https://bluedelta.dz/guides/systeme-refroidissement-industriel/";"Candidat éditorial — volume non mesuré"
"Système de refroidissement industriel";"bidon fluide refroidissement";"https://bluedelta.dz/guides/systeme-refroidissement-industriel/";"Candidat éditorial — volume non mesuré"
"Système de refroidissement industriel";"cuve IBC fluide refroidissement";"https://bluedelta.dz/guides/systeme-refroidissement-industriel/";"Candidat éditorial — volume non mesuré"
"Système de refroidissement industriel";"approvisionnement refroidissement industriel";"https://bluedelta.dz/guides/systeme-refroidissement-industriel/";"Candidat éditorial — volume non mesuré"
"Système de refroidissement industriel";"BLUE DELTA système refroidissement";"https://bluedelta.dz/guides/systeme-refroidissement-industriel/";"Candidat éditorial — volume non mesuré"
"Système de refroidissement industriel";"liquide circuit industriel Algérie";"https://bluedelta.dz/guides/systeme-refroidissement-industriel/";"Candidat éditorial — volume non mesuré"
"Système de refroidissement industriel";"refroidissement industriel Boumerdès";"https://bluedelta.dz/guides/systeme-refroidissement-industriel/";"Candidat éditorial — volume non mesuré"
"Système de refroidissement industriel";"refroidissement industriel Ouled Moussa";"https://bluedelta.dz/guides/systeme-refroidissement-industriel/";"Candidat éditorial — volume non mesuré"
"Système de refroidissement industriel";"devis fluide circuit industriel";"https://bluedelta.dz/guides/systeme-refroidissement-industriel/";"Candidat éditorial — volume non mesuré"
"Système de refroidissement industriel";"fiche technique fluide refroidissement";"https://bluedelta.dz/guides/systeme-refroidissement-industriel/";"Candidat éditorial — volume non mesuré"
"Système de refroidissement industriel";"FDS fluide circuit industriel";"https://bluedelta.dz/guides/systeme-refroidissement-industriel/";"Candidat éditorial — volume non mesuré"
"Système de refroidissement industriel";"informations choix fluide industriel";"https://bluedelta.dz/guides/systeme-refroidissement-industriel/";"Candidat éditorial — volume non mesuré"
"Système de refroidissement industriel";"dimensionnement refroidissement industriel";"https://bluedelta.dz/guides/systeme-refroidissement-industriel/";"Candidat éditorial — volume non mesuré"
"Système de refroidissement industriel";"groupe froid et fluide refroidissement";"https://bluedelta.dz/guides/systeme-refroidissement-industriel/";"Candidat éditorial — volume non mesuré"